<?xml version="1.0" encoding="UTF-8"?>
<!DOCTYPE workers SYSTEM "workers.dtd">
<?xml-stylesheet href="workers.css" type="text/css"?>

<workers>
    <person id="Q123">
        <name>
            <academictitle>Dr.</academictitle>
            <firstname>John</firstname>
            <lastname>Doe</lastname>
        </name>
        <contact>
            <tel>(415)555-555</tel>
            <email>jd@gmail.com</email>
            <email>johnDoe@mailbox.unideb.hu</email>
        </contact>
    </person>

    <person id="SA007">
        <name>
            <firstname>James</firstname>
            <lastname>Bond</lastname>
        </name>
        <contact>
            <email>JB007@secretagent.com</email>
        </contact>
    </person>

</workers>